run_name,result_file,model_id,model_label,qid,category,rubric_id,score_range,dimension_count,dimensions,anchor_points,rubric_anchors,prompt,output_contract,final_pred,human_score_overall,judge_note,dimension_1_name,dimension_1_score,dimension_1_note,dimension_2_name,dimension_2_score,dimension_2_note,dimension_3_name,dimension_3_score,dimension_3_note,dimension_4_name,dimension_4_score,dimension_4_note
five_models_20260406_2-base,/Users/jenslewie/github/llm-learning/llm-comparison/benchmark_results/five_models_20260406/2-base/results_qwen35_27b_opus_distilled.json,qwen35_27b_opus_distilled,Qwen3.5-27B Claude-4.6 Opus Distilled,bq07,long_context,summary_quality_5,0-5,4,核心信息覆盖 | 压缩与取舍 | 结构清晰度 | 无明显编造,三年 | 120个小区 | 资金来源 | 居民关注噪音停车维护 | 带动社区服务和养老配套,0: 未完成任务或严重跑题。 || 1: 完成度很低，内容混乱或严重遗漏。 || 2: 部分完成，核心点缺失较多或有偏题。 || 3: 完成任务，但遗漏明显或结构一般，信息压缩效果普通。 || 4: 基本完整，存在轻微遗漏或表达不够凝练，但不影响理解。 || 5: 覆盖核心信息，摘要紧凑清楚，关键词准确，无明显遗漏或编造。,"阅读材料并完成摘要。

材料：
某市计划在未来三年推进老旧小区改造，共涉及 120 个小区，重点包括加装电梯、管线更新、屋顶防水和公共空间适老化改造。市住建部门表示，资金将由财政补贴、居民分摊和社会资本共同承担，其中低收入家庭可申请专项减免。试点阶段发现，居民最关心的是施工噪音、停车位减少以及电梯后续维护费用。为此，政府要求施工单位分时段作业，街道办负责协调临时停车资源，并建立电梯维护公示制度。专家认为，这项计划不仅改善居住条件，也有助于带动社区服务、养老配套和周边消费。

任务：
1. 用 3 句话做摘要。
2. 再列出 4 个关键词。","最后一行输出 {""final_answer"":""摘要与关键词""}","摘要：某市计划三年内在120个老旧小区推进加装电梯、管线更新等改造，资金由财政、居民和社会资本共同承担。针对居民关心的施工噪音、停车减少和维护费用问题，政府采取分时段作业、协调临时停车和建立公示制度等措施。该计划旨在改善居住条件，同时带动社区服务、养老配套和周边消费发展。

关键词：老旧小区改造、加装电梯、资金分担、居民关切",,,核心信息覆盖,,,压缩与取舍,,,结构清晰度,,,无明显编造,,
five_models_20260406_2-base,/Users/jenslewie/github/llm-learning/llm-comparison/benchmark_results/five_models_20260406/2-base/results_qwen35_27b_opus_distilled.json,qwen35_27b_opus_distilled,Qwen3.5-27B Claude-4.6 Opus Distilled,bq08,long_context,recommendation_quality_5,0-5,4,结论明确 | 理由充分 | 约束意识 | 表达简洁,聚焦企业路线 | 资源有限 | 试点客户已存在 | 客单价更高 | 避免双线开发,0: 未完成任务。 || 1: 建议明显不完整或偏题。 || 2: 结论模糊或理由较弱，实用性有限。 || 3: 结论可用，但论证力度一般或遗漏关键约束。 || 4: 建议基本合理，有少量理由不足或表达稍弱。 || 5: 建议明确，能抓住资源约束和商业价值，理由完整且简洁。,"阅读材料后回答。

材料：
一家创业公司原本计划同时做面向 C 端的效率工具和面向企业的协作平台，但团队只有 18 个人，现金流只够维持 14 个月。产品负责人发现，C 端用户增长快但付费率低，企业客户成交慢但客单价高，且已有 6 家中型企业愿意进入试点。技术负责人担心双线开发会拖慢交付，销售负责人则认为企业市场更有机会建立壁垒。CEO 要求团队在两周内决定未来 12 个月的主航道，并给出理由。

任务：
请用不超过 120 字给 CEO 写一段建议，说明应该聚焦哪条路线以及为什么。","最后一行输出 {""final_answer"":""建议文本""}",建议聚焦企业协作平台。理由：1）已有6家试点客户，可快速验证并产生收入，缓解14个月现金流压力；2）企业客户客单价高，更易建立竞争壁垒；3）18人团队双线开发风险大，技术交付易被拖慢。C端虽增长快但付费率低，短期难盈利。建议All in企业市场，打造可复制的标杆案例。,,,结论明确,,,理由充分,,,约束意识,,,表达简洁,,
five_models_20260406_2-base,/Users/jenslewie/github/llm-learning/llm-comparison/benchmark_results/five_models_20260406/2-base/results_qwen35_27b_opus_distilled.json,qwen35_27b_opus_distilled,Qwen3.5-27B Claude-4.6 Opus Distilled,bq15,rewrite,rewrite_quality_5,0-5,4,保留原意 | 正式语气 | 信息完整 | 长度控制,接口问题 | 无法今日完成 | 请客户等待 | 修复后立即通知,0: 未完成任务。 || 1: 明显偏离原意或完成度低。 || 2: 改写不够得体，遗漏关键信息。 || 3: 能表达主要意思，但正式度或信息保留一般。 || 4: 基本达标，存在轻微措辞或完整性问题。 || 5: 原意完整保留，语气正式自然，可直接发送。,"把下面这段话改写成更正式、适合发给客户的版本，要求保留原意，不超过 80 字。

原文：
我们这边发现接口还有点问题，今天可能来不及了，麻烦你们再等等，我们修好了第一时间通知。","最后一行输出 {""final_answer"":""改写结果""}",尊敬的客户：我方发现接口存在异常，今日恐难如期完成修复。敬请谅解并稍候，修复完成后将立即告知贵方。,,,保留原意,,,正式语气,,,信息完整,,,长度控制,,
five_models_20260406_2-base,/Users/jenslewie/github/llm-learning/llm-comparison/benchmark_results/five_models_20260406/2-base/results_qwen35_27b_opus_distilled.json,qwen35_27b_opus_distilled,Qwen3.5-27B Claude-4.6 Opus Distilled,bq16,practical_writing,business_writing_5,0-5,4,关键信息完整 | 语气得体 | 行动要求明确 | 结构清晰,版本延期到周五 | 支付流程高优缺陷 | 开发测试今天内完成 | 内部通知语气,0: 未完成任务。 || 1: 完成度低，实用性弱。 || 2: 缺少关键要求或表达不适合场景。 || 3: 完成任务但较普通，结构或语气一般。 || 4: 基本可用，存在轻微信息或表达不足。 || 5: 关键信息完整，语气专业，行动要求清楚，结构简洁可直接使用。,写一封简短内部邮件，通知团队：原定周三发布的版本延期到周五，原因是发现支付流程存在高优先级缺陷；请开发和测试团队今天内完成修复与回归。控制在 150 字以内。,"最后一行输出 {""final_answer"":""邮件正文""}","主题：版本发布延期通知

各位同事，

原定周三发布的版本将延期至周五。我们在测试中发现支付流程存在高优先级缺陷，需紧急修复。

请开发团队今天内完成缺陷修复，测试团队同步进行回归验证。

感谢大家的理解与配合！

Best regards,
项目管理组",,,关键信息完整,,,语气得体,,,行动要求明确,,,结构清晰,,
five_models_20260406_2-base,/Users/jenslewie/github/llm-learning/llm-comparison/benchmark_results/five_models_20260406/2-base/results_qwen35_35b_a3b.json,qwen35_35b_a3b,Qwen3.5-35B-A3B,bq07,long_context,summary_quality_5,0-5,4,核心信息覆盖 | 压缩与取舍 | 结构清晰度 | 无明显编造,三年 | 120个小区 | 资金来源 | 居民关注噪音停车维护 | 带动社区服务和养老配套,0: 未完成任务或严重跑题。 || 1: 完成度很低，内容混乱或严重遗漏。 || 2: 部分完成，核心点缺失较多或有偏题。 || 3: 完成任务，但遗漏明显或结构一般，信息压缩效果普通。 || 4: 基本完整，存在轻微遗漏或表达不够凝练，但不影响理解。 || 5: 覆盖核心信息，摘要紧凑清楚，关键词准确，无明显遗漏或编造。,"阅读材料并完成摘要。

材料：
某市计划在未来三年推进老旧小区改造，共涉及 120 个小区，重点包括加装电梯、管线更新、屋顶防水和公共空间适老化改造。市住建部门表示，资金将由财政补贴、居民分摊和社会资本共同承担，其中低收入家庭可申请专项减免。试点阶段发现，居民最关心的是施工噪音、停车位减少以及电梯后续维护费用。为此，政府要求施工单位分时段作业，街道办负责协调临时停车资源，并建立电梯维护公示制度。专家认为，这项计划不仅改善居住条件，也有助于带动社区服务、养老配套和周边消费。

任务：
1. 用 3 句话做摘要。
2. 再列出 4 个关键词。","最后一行输出 {""final_answer"":""摘要与关键词""}",某市计划在未来三年改造 120 个老旧小区，重点推进加装电梯、管线更新及适老化改造。针对居民关心的噪音、停车及维护费用问题，政府采取了分时段作业、协调停车资源及建立公示制度等应对措施。该计划旨在改善居住条件的同时，带动社区服务、养老配套及周边消费发展。,,,核心信息覆盖,,,压缩与取舍,,,结构清晰度,,,无明显编造,,
five_models_20260406_2-base,/Users/jenslewie/github/llm-learning/llm-comparison/benchmark_results/five_models_20260406/2-base/results_qwen35_35b_a3b.json,qwen35_35b_a3b,Qwen3.5-35B-A3B,bq08,long_context,recommendation_quality_5,0-5,4,结论明确 | 理由充分 | 约束意识 | 表达简洁,聚焦企业路线 | 资源有限 | 试点客户已存在 | 客单价更高 | 避免双线开发,0: 未完成任务。 || 1: 建议明显不完整或偏题。 || 2: 结论模糊或理由较弱，实用性有限。 || 3: 结论可用，但论证力度一般或遗漏关键约束。 || 4: 建议基本合理，有少量理由不足或表达稍弱。 || 5: 建议明确，能抓住资源约束和商业价值，理由完整且简洁。,"阅读材料后回答。

材料：
一家创业公司原本计划同时做面向 C 端的效率工具和面向企业的协作平台，但团队只有 18 个人，现金流只够维持 14 个月。产品负责人发现，C 端用户增长快但付费率低，企业客户成交慢但客单价高，且已有 6 家中型企业愿意进入试点。技术负责人担心双线开发会拖慢交付，销售负责人则认为企业市场更有机会建立壁垒。CEO 要求团队在两周内决定未来 12 个月的主航道，并给出理由。

任务：
请用不超过 120 字给 CEO 写一段建议，说明应该聚焦哪条路线以及为什么。","最后一行输出 {""final_answer"":""建议文本""}",聚焦企业协作平台,,,结论明确,,,理由充分,,,约束意识,,,表达简洁,,
five_models_20260406_2-base,/Users/jenslewie/github/llm-learning/llm-comparison/benchmark_results/five_models_20260406/2-base/results_qwen35_35b_a3b.json,qwen35_35b_a3b,Qwen3.5-35B-A3B,bq15,rewrite,rewrite_quality_5,0-5,4,保留原意 | 正式语气 | 信息完整 | 长度控制,接口问题 | 无法今日完成 | 请客户等待 | 修复后立即通知,0: 未完成任务。 || 1: 明显偏离原意或完成度低。 || 2: 改写不够得体，遗漏关键信息。 || 3: 能表达主要意思，但正式度或信息保留一般。 || 4: 基本达标，存在轻微措辞或完整性问题。 || 5: 原意完整保留，语气正式自然，可直接发送。,"把下面这段话改写成更正式、适合发给客户的版本，要求保留原意，不超过 80 字。

原文：
我们这边发现接口还有点问题，今天可能来不及了，麻烦你们再等等，我们修好了第一时间通知。","最后一行输出 {""final_answer"":""改写结果""}",经检测，接口存在异常，今日恐无法交付。敬请谅解，我们将尽快修复并第一时间通知您。,,,保留原意,,,正式语气,,,信息完整,,,长度控制,,
five_models_20260406_2-base,/Users/jenslewie/github/llm-learning/llm-comparison/benchmark_results/five_models_20260406/2-base/results_qwen35_35b_a3b.json,qwen35_35b_a3b,Qwen3.5-35B-A3B,bq16,practical_writing,business_writing_5,0-5,4,关键信息完整 | 语气得体 | 行动要求明确 | 结构清晰,版本延期到周五 | 支付流程高优缺陷 | 开发测试今天内完成 | 内部通知语气,0: 未完成任务。 || 1: 完成度低，实用性弱。 || 2: 缺少关键要求或表达不适合场景。 || 3: 完成任务但较普通，结构或语气一般。 || 4: 基本可用，存在轻微信息或表达不足。 || 5: 关键信息完整，语气专业，行动要求清楚，结构简洁可直接使用。,写一封简短内部邮件，通知团队：原定周三发布的版本延期到周五，原因是发现支付流程存在高优先级缺陷；请开发和测试团队今天内完成修复与回归。控制在 150 字以内。,"最后一行输出 {""final_answer"":""邮件正文""}",版本延期至周五，请今日内完成修复与回归,,,关键信息完整,,,语气得体,,,行动要求明确,,,结构清晰,,
five_models_20260406_2-base,/Users/jenslewie/github/llm-learning/llm-comparison/benchmark_results/five_models_20260406/2-base/results_qwen35_27b_6bit.json,qwen35_27b_6bit,Qwen3.5-27B-6bit,bq07,long_context,summary_quality_5,0-5,4,核心信息覆盖 | 压缩与取舍 | 结构清晰度 | 无明显编造,三年 | 120个小区 | 资金来源 | 居民关注噪音停车维护 | 带动社区服务和养老配套,0: 未完成任务或严重跑题。 || 1: 完成度很低，内容混乱或严重遗漏。 || 2: 部分完成，核心点缺失较多或有偏题。 || 3: 完成任务，但遗漏明显或结构一般，信息压缩效果普通。 || 4: 基本完整，存在轻微遗漏或表达不够凝练，但不影响理解。 || 5: 覆盖核心信息，摘要紧凑清楚，关键词准确，无明显遗漏或编造。,"阅读材料并完成摘要。

材料：
某市计划在未来三年推进老旧小区改造，共涉及 120 个小区，重点包括加装电梯、管线更新、屋顶防水和公共空间适老化改造。市住建部门表示，资金将由财政补贴、居民分摊和社会资本共同承担，其中低收入家庭可申请专项减免。试点阶段发现，居民最关心的是施工噪音、停车位减少以及电梯后续维护费用。为此，政府要求施工单位分时段作业，街道办负责协调临时停车资源，并建立电梯维护公示制度。专家认为，这项计划不仅改善居住条件，也有助于带动社区服务、养老配套和周边消费。

任务：
1. 用 3 句话做摘要。
2. 再列出 4 个关键词。","最后一行输出 {""final_answer"":""摘要与关键词""}",某市计划三年改造 120 个老旧小区，重点涵盖加装电梯、管线更新及适老化改造。针对居民关心的噪音、停车及维护费用问题，政府已制定分时段施工、协调停车及费用公示等应对措施。该计划旨在改善居住条件的同时，带动社区服务、养老配套及周边消费发展。关键词：老旧小区改造、加装电梯、资金分担、适老化改造,,,核心信息覆盖,,,压缩与取舍,,,结构清晰度,,,无明显编造,,
five_models_20260406_2-base,/Users/jenslewie/github/llm-learning/llm-comparison/benchmark_results/five_models_20260406/2-base/results_qwen35_27b_6bit.json,qwen35_27b_6bit,Qwen3.5-27B-6bit,bq08,long_context,recommendation_quality_5,0-5,4,结论明确 | 理由充分 | 约束意识 | 表达简洁,聚焦企业路线 | 资源有限 | 试点客户已存在 | 客单价更高 | 避免双线开发,0: 未完成任务。 || 1: 建议明显不完整或偏题。 || 2: 结论模糊或理由较弱，实用性有限。 || 3: 结论可用，但论证力度一般或遗漏关键约束。 || 4: 建议基本合理，有少量理由不足或表达稍弱。 || 5: 建议明确，能抓住资源约束和商业价值，理由完整且简洁。,"阅读材料后回答。

材料：
一家创业公司原本计划同时做面向 C 端的效率工具和面向企业的协作平台，但团队只有 18 个人，现金流只够维持 14 个月。产品负责人发现，C 端用户增长快但付费率低，企业客户成交慢但客单价高，且已有 6 家中型企业愿意进入试点。技术负责人担心双线开发会拖慢交付，销售负责人则认为企业市场更有机会建立壁垒。CEO 要求团队在两周内决定未来 12 个月的主航道，并给出理由。

任务：
请用不超过 120 字给 CEO 写一段建议，说明应该聚焦哪条路线以及为什么。","最后一行输出 {""final_answer"":""建议文本""}",建议聚焦企业协作平台。因现金流仅 14 个月，需高客单价快速回血；6 家试点客户验证了需求，且能建立壁垒。C 端付费低、增长慢，双线开发将拖垮交付。集中资源攻克 B 端，可确保生存并构建护城河。,,,结论明确,,,理由充分,,,约束意识,,,表达简洁,,
five_models_20260406_2-base,/Users/jenslewie/github/llm-learning/llm-comparison/benchmark_results/five_models_20260406/2-base/results_qwen35_27b_6bit.json,qwen35_27b_6bit,Qwen3.5-27B-6bit,bq15,rewrite,rewrite_quality_5,0-5,4,保留原意 | 正式语气 | 信息完整 | 长度控制,接口问题 | 无法今日完成 | 请客户等待 | 修复后立即通知,0: 未完成任务。 || 1: 明显偏离原意或完成度低。 || 2: 改写不够得体，遗漏关键信息。 || 3: 能表达主要意思，但正式度或信息保留一般。 || 4: 基本达标，存在轻微措辞或完整性问题。 || 5: 原意完整保留，语气正式自然，可直接发送。,"把下面这段话改写成更正式、适合发给客户的版本，要求保留原意，不超过 80 字。

原文：
我们这边发现接口还有点问题，今天可能来不及了，麻烦你们再等等，我们修好了第一时间通知。","最后一行输出 {""final_answer"":""改写结果""}",经检测接口尚存异常，今日恐难修复。敬请谅解并稍候，修复完成后我们将第一时间通知贵方。,,,保留原意,,,正式语气,,,信息完整,,,长度控制,,
five_models_20260406_2-base,/Users/jenslewie/github/llm-learning/llm-comparison/benchmark_results/five_models_20260406/2-base/results_qwen35_27b_6bit.json,qwen35_27b_6bit,Qwen3.5-27B-6bit,bq16,practical_writing,business_writing_5,0-5,4,关键信息完整 | 语气得体 | 行动要求明确 | 结构清晰,版本延期到周五 | 支付流程高优缺陷 | 开发测试今天内完成 | 内部通知语气,0: 未完成任务。 || 1: 完成度低，实用性弱。 || 2: 缺少关键要求或表达不适合场景。 || 3: 完成任务但较普通，结构或语气一般。 || 4: 基本可用，存在轻微信息或表达不足。 || 5: 关键信息完整，语气专业，行动要求清楚，结构简洁可直接使用。,写一封简短内部邮件，通知团队：原定周三发布的版本延期到周五，原因是发现支付流程存在高优先级缺陷；请开发和测试团队今天内完成修复与回归。控制在 150 字以内。,"最后一行输出 {""final_answer"":""邮件正文""}","主题：版本发布延期通知

各位同事：

原定周三发布的版本因发现支付流程存在高优先级缺陷，现延期至周五发布。请开发和测试团队务必于今天内完成修复与回归测试，确保问题彻底解决。

感谢大家的配合。",,,关键信息完整,,,语气得体,,,行动要求明确,,,结构清晰,,
five_models_20260406_2-base,/Users/jenslewie/github/llm-learning/llm-comparison/benchmark_results/five_models_20260406/2-base/results_gemma4_26b_a4b.json,gemma4_26b_a4b,Gemma-4-26B-A4B,bq07,long_context,summary_quality_5,0-5,4,核心信息覆盖 | 压缩与取舍 | 结构清晰度 | 无明显编造,三年 | 120个小区 | 资金来源 | 居民关注噪音停车维护 | 带动社区服务和养老配套,0: 未完成任务或严重跑题。 || 1: 完成度很低，内容混乱或严重遗漏。 || 2: 部分完成，核心点缺失较多或有偏题。 || 3: 完成任务，但遗漏明显或结构一般，信息压缩效果普通。 || 4: 基本完整，存在轻微遗漏或表达不够凝练，但不影响理解。 || 5: 覆盖核心信息，摘要紧凑清楚，关键词准确，无明显遗漏或编造。,"阅读材料并完成摘要。

材料：
某市计划在未来三年推进老旧小区改造，共涉及 120 个小区，重点包括加装电梯、管线更新、屋顶防水和公共空间适老化改造。市住建部门表示，资金将由财政补贴、居民分摊和社会资本共同承担，其中低收入家庭可申请专项减免。试点阶段发现，居民最关心的是施工噪音、停车位减少以及电梯后续维护费用。为此，政府要求施工单位分时段作业，街道办负责协调临时停车资源，并建立电梯维护公示制度。专家认为，这项计划不仅改善居住条件，也有助于带动社区服务、养老配套和周边消费。

任务：
1. 用 3 句话做摘要。
2. 再列出 4 个关键词。","最后一行输出 {""final_answer"":""摘要与关键词""}","1. 某市计划在未来三年推进120个老旧小区改造，涵盖电梯加装及适老化改造等重点。资金由财政、居民与社会资本共同承担，并针对低收入家庭提供减免。政府通过分时作业、协调停车及建立维护制度来解决居民关切，旨在改善居住条件并带动社区发展。
2. 关键词：老旧小区改造、资金分摊、民生问题、社区发展。",,,核心信息覆盖,,,压缩与取舍,,,结构清晰度,,,无明显编造,,
five_models_20260406_2-base,/Users/jenslewie/github/llm-learning/llm-comparison/benchmark_results/five_models_20260406/2-base/results_gemma4_26b_a4b.json,gemma4_26b_a4b,Gemma-4-26B-A4B,bq08,long_context,recommendation_quality_5,0-5,4,结论明确 | 理由充分 | 约束意识 | 表达简洁,聚焦企业路线 | 资源有限 | 试点客户已存在 | 客单价更高 | 避免双线开发,0: 未完成任务。 || 1: 建议明显不完整或偏题。 || 2: 结论模糊或理由较弱，实用性有限。 || 3: 结论可用，但论证力度一般或遗漏关键约束。 || 4: 建议基本合理，有少量理由不足或表达稍弱。 || 5: 建议明确，能抓住资源约束和商业价值，理由完整且简洁。,"阅读材料后回答。

材料：
一家创业公司原本计划同时做面向 C 端的效率工具和面向企业的协作平台，但团队只有 18 个人，现金流只够维持 14 个月。产品负责人发现，C 端用户增长快但付费率低，企业客户成交慢但客单价高，且已有 6 家中型企业愿意进入试点。技术负责人担心双线开发会拖慢交付，销售负责人则认为企业市场更有机会建立壁垒。CEO 要求团队在两周内决定未来 12 个月的主航道，并给出理由。

任务：
请用不超过 120 字给 CEO 写一段建议，说明应该聚焦哪条路线以及为什么。","最后一行输出 {""final_answer"":""建议文本""}",建议聚焦企业协作平台路线。理由如下：首先，现金流仅够维持14个月，企业客户的高客单价能更快实现正向现金流，缓解生存压力；其次，已有6家试点企业提供了验证机会，能快速建立行业壁垒；最后，聚焦单一赛道可避免资源分散，确保产品交付质量。,,,结论明确,,,理由充分,,,约束意识,,,表达简洁,,
five_models_20260406_2-base,/Users/jenslewie/github/llm-learning/llm-comparison/benchmark_results/five_models_20260406/2-base/results_gemma4_26b_a4b.json,gemma4_26b_a4b,Gemma-4-26B-A4B,bq15,rewrite,rewrite_quality_5,0-5,4,保留原意 | 正式语气 | 信息完整 | 长度控制,接口问题 | 无法今日完成 | 请客户等待 | 修复后立即通知,0: 未完成任务。 || 1: 明显偏离原意或完成度低。 || 2: 改写不够得体，遗漏关键信息。 || 3: 能表达主要意思，但正式度或信息保留一般。 || 4: 基本达标，存在轻微措辞或完整性问题。 || 5: 原意完整保留，语气正式自然，可直接发送。,"把下面这段话改写成更正式、适合发给客户的版本，要求保留原意，不超过 80 字。

原文：
我们这边发现接口还有点问题，今天可能来不及了，麻烦你们再等等，我们修好了第一时间通知。","最后一行输出 {""final_answer"":""改写结果""}",由于接口仍需进一步调试，今日暂无法完成交付。请您稍作等待，修复完成后我们将第一时间通知您。,,,保留原意,,,正式语气,,,信息完整,,,长度控制,,
five_models_20260406_2-base,/Users/jenslewie/github/llm-learning/llm-comparison/benchmark_results/five_models_20260406/2-base/results_gemma4_26b_a4b.json,gemma4_26b_a4b,Gemma-4-26B-A4B,bq16,practical_writing,business_writing_5,0-5,4,关键信息完整 | 语气得体 | 行动要求明确 | 结构清晰,版本延期到周五 | 支付流程高优缺陷 | 开发测试今天内完成 | 内部通知语气,0: 未完成任务。 || 1: 完成度低，实用性弱。 || 2: 缺少关键要求或表达不适合场景。 || 3: 完成任务但较普通，结构或语气一般。 || 4: 基本可用，存在轻微信息或表达不足。 || 5: 关键信息完整，语气专业，行动要求清楚，结构简洁可直接使用。,写一封简短内部邮件，通知团队：原定周三发布的版本延期到周五，原因是发现支付流程存在高优先级缺陷；请开发和测试团队今天内完成修复与回归。控制在 150 字以内。,"最后一行输出 {""final_answer"":""邮件正文""}","Subject: 版本发布延期通知

团队成员：

原定于本周三发布的版本将延期至本周五。由于在支付流程中发现了高优先级缺陷，我们需要确保支付功能的稳定性。

请开发和测试团队务必在今天内完成缺陷修复与回归测试工作。

感谢大家的配合。",,,关键信息完整,,,语气得体,,,行动要求明确,,,结构清晰,,
five_models_20260406_2-base,/Users/jenslewie/github/llm-learning/llm-comparison/benchmark_results/five_models_20260406/2-base/results_gemma4_31b.json,gemma4_31b,Gemma-4-31B,bq07,long_context,summary_quality_5,0-5,4,核心信息覆盖 | 压缩与取舍 | 结构清晰度 | 无明显编造,三年 | 120个小区 | 资金来源 | 居民关注噪音停车维护 | 带动社区服务和养老配套,0: 未完成任务或严重跑题。 || 1: 完成度很低，内容混乱或严重遗漏。 || 2: 部分完成，核心点缺失较多或有偏题。 || 3: 完成任务，但遗漏明显或结构一般，信息压缩效果普通。 || 4: 基本完整，存在轻微遗漏或表达不够凝练，但不影响理解。 || 5: 覆盖核心信息，摘要紧凑清楚，关键词准确，无明显遗漏或编造。,"阅读材料并完成摘要。

材料：
某市计划在未来三年推进老旧小区改造，共涉及 120 个小区，重点包括加装电梯、管线更新、屋顶防水和公共空间适老化改造。市住建部门表示，资金将由财政补贴、居民分摊和社会资本共同承担，其中低收入家庭可申请专项减免。试点阶段发现，居民最关心的是施工噪音、停车位减少以及电梯后续维护费用。为此，政府要求施工单位分时段作业，街道办负责协调临时停车资源，并建立电梯维护公示制度。专家认为，这项计划不仅改善居住条件，也有助于带动社区服务、养老配套和周边消费。

任务：
1. 用 3 句话做摘要。
2. 再列出 4 个关键词。","最后一行输出 {""final_answer"":""摘要与关键词""}","摘要：某市计划在三年内对120个老旧小区进行综合改造，资金由财政、居民和社会资本共同承担。针对居民关心的噪音、停车及维护等问题，政府采取分时作业、协调停车和建立公示制度等措施。专家认为该计划在改善居住条件的同时，能有效带动社区服务与周边消费。

关键词：老旧小区改造, 资金分摊, 居民诉求, 社区服务",,,核心信息覆盖,,,压缩与取舍,,,结构清晰度,,,无明显编造,,
five_models_20260406_2-base,/Users/jenslewie/github/llm-learning/llm-comparison/benchmark_results/five_models_20260406/2-base/results_gemma4_31b.json,gemma4_31b,Gemma-4-31B,bq08,long_context,recommendation_quality_5,0-5,4,结论明确 | 理由充分 | 约束意识 | 表达简洁,聚焦企业路线 | 资源有限 | 试点客户已存在 | 客单价更高 | 避免双线开发,0: 未完成任务。 || 1: 建议明显不完整或偏题。 || 2: 结论模糊或理由较弱，实用性有限。 || 3: 结论可用，但论证力度一般或遗漏关键约束。 || 4: 建议基本合理，有少量理由不足或表达稍弱。 || 5: 建议明确，能抓住资源约束和商业价值，理由完整且简洁。,"阅读材料后回答。

材料：
一家创业公司原本计划同时做面向 C 端的效率工具和面向企业的协作平台，但团队只有 18 个人，现金流只够维持 14 个月。产品负责人发现，C 端用户增长快但付费率低，企业客户成交慢但客单价高，且已有 6 家中型企业愿意进入试点。技术负责人担心双线开发会拖慢交付，销售负责人则认为企业市场更有机会建立壁垒。CEO 要求团队在两周内决定未来 12 个月的主航道，并给出理由。

任务：
请用不超过 120 字给 CEO 写一段建议，说明应该聚焦哪条路线以及为什么。","最后一行输出 {""final_answer"":""建议文本""}",建议聚焦企业协作平台。理由：团队规模小且现金流有限，无法支撑C端低付费率的长期消耗；而企业端客单价高，且已有6家试点客户验证了需求，能更快实现正向现金流并建立竞争壁垒，降低生存风险，确保公司在14个月内实现可持续增长。,,,结论明确,,,理由充分,,,约束意识,,,表达简洁,,
five_models_20260406_2-base,/Users/jenslewie/github/llm-learning/llm-comparison/benchmark_results/five_models_20260406/2-base/results_gemma4_31b.json,gemma4_31b,Gemma-4-31B,bq15,rewrite,rewrite_quality_5,0-5,4,保留原意 | 正式语气 | 信息完整 | 长度控制,接口问题 | 无法今日完成 | 请客户等待 | 修复后立即通知,0: 未完成任务。 || 1: 明显偏离原意或完成度低。 || 2: 改写不够得体，遗漏关键信息。 || 3: 能表达主要意思，但正式度或信息保留一般。 || 4: 基本达标，存在轻微措辞或完整性问题。 || 5: 原意完整保留，语气正式自然，可直接发送。,"把下面这段话改写成更正式、适合发给客户的版本，要求保留原意，不超过 80 字。

原文：
我们这边发现接口还有点问题，今天可能来不及了，麻烦你们再等等，我们修好了第一时间通知。","最后一行输出 {""final_answer"":""改写结果""}",抱歉，由于接口仍存在部分问题，预计今日无法交付。请您耐心等待，我们将在修复后第一时间通知您。,,,保留原意,,,正式语气,,,信息完整,,,长度控制,,
five_models_20260406_2-base,/Users/jenslewie/github/llm-learning/llm-comparison/benchmark_results/five_models_20260406/2-base/results_gemma4_31b.json,gemma4_31b,Gemma-4-31B,bq16,practical_writing,business_writing_5,0-5,4,关键信息完整 | 语气得体 | 行动要求明确 | 结构清晰,版本延期到周五 | 支付流程高优缺陷 | 开发测试今天内完成 | 内部通知语气,0: 未完成任务。 || 1: 完成度低，实用性弱。 || 2: 缺少关键要求或表达不适合场景。 || 3: 完成任务但较普通，结构或语气一般。 || 4: 基本可用，存在轻微信息或表达不足。 || 5: 关键信息完整，语气专业，行动要求清楚，结构简洁可直接使用。,写一封简短内部邮件，通知团队：原定周三发布的版本延期到周五，原因是发现支付流程存在高优先级缺陷；请开发和测试团队今天内完成修复与回归。控制在 150 字以内。,"最后一行输出 {""final_answer"":""邮件正文""}","主题：【紧急】版本发布延期通知

团队成员：

原定于本周三发布的版本将延期至周五。原因是我们在支付流程中发现了高优先级缺陷，必须优先解决。

请开发和测试团队协作，确保在今天内完成缺陷修复与回归测试。

感谢大家的配合。",,,关键信息完整,,,语气得体,,,行动要求明确,,,结构清晰,,
